City_ID,City,Country,Date,Lat,Lng,Max Temp,Humidity,Cloudiness,Wind Speed
0,Inverell,AU,2021-10-27 02:52:39,-29.7833,151.1167,86.67,40,0,4.0
1,Bluff,NZ,2021-10-27 02:52:40,-46.6,168.3333,58.37,72,58,7.05
2,Barrow,US,2021-10-27 02:52:40,71.2906,-156.7887,8.62,78,90,5.75
3,Clyde River,CA,2021-10-27 02:52:40,70.4692,-68.5914,23.56,82,100,4.45
4,Sansepolcro,IT,2021-10-27 02:52:41,43.5747,12.143,53.74,94,80,5.79
5,Zelenoborskiy,RU,2021-10-27 02:52:42,66.845,32.3622,29.55,91,100,13.69
6,Sibolga,ID,2021-10-27 02:52:42,1.7427,98.7792,81.61,78,61,3.56
7,Jamestown,US,2021-10-27 02:50:02,42.097,-79.2353,45.99,96,90,8.01
8,Rio Grande,BR,2021-10-27 02:52:43,-32.035,-52.0986,67.51,81,0,4.65
9,Bubaque,GW,2021-10-27 02:52:43,11.2833,-15.8333,81.97,74,95,8.46
10,Cape Town,ZA,2021-10-27 02:50:57,-33.9258,18.4232,65.26,65,0,10.36
11,Torbay,CA,2021-10-27 02:52:43,47.6666,-52.7314,39.38,84,90,5.75
12,Hobart,AU,2021-10-27 02:52:44,-42.8794,147.3294,73.02,50,20,3.0
13,Kahului,US,2021-10-27 02:52:44,20.8947,-156.47,82.42,74,40,17.27
14,Atuona,PF,2021-10-27 02:52:45,-9.8,-139.0333,77.7,68,9,13.0
15,Yellowknife,CA,2021-10-27 02:51:53,62.456,-114.3525,39.42,100,90,4.61
16,Hornepayne,CA,2021-10-27 02:52:45,49.2138,-84.7705,33.35,91,79,4.63
17,Rikitea,PF,2021-10-27 02:52:46,-23.1203,-134.9692,74.43,83,100,10.85
18,Cockburn Town,TC,2021-10-27 02:52:46,21.4612,-71.1419,81.88,76,81,4.7
19,Mataura,NZ,2021-10-27 02:52:46,-46.1927,168.8643,63.37,71,93,4.09
20,Mocuba,MZ,2021-10-27 02:52:47,-16.8392,36.9856,74.26,86,100,4.45
21,San Cristobal,VE,2021-10-27 02:52:47,7.7669,-72.225,73.58,98,100,2.77
22,Dikson,RU,2021-10-27 02:52:47,73.5069,80.5464,12.63,90,100,8.79
23,Castro,BR,2021-10-27 02:52:48,-24.7911,-50.0119,56.53,93,97,5.48
24,Kaeo,NZ,2021-10-27 02:52:48,-35.1,173.7833,73.33,75,95,6.89
25,Kayerkan,RU,2021-10-27 02:52:48,69.3497,87.7602,10.0,94,100,8.93
26,New Norfolk,AU,2021-10-27 02:52:49,-42.7826,147.0587,72.66,32,0,3.33
27,Vaini,TO,2021-10-27 02:52:49,-21.2,-175.2,78.96,78,20,16.11
28,Ndele,CF,2021-10-27 02:52:50,8.4109,20.6473,69.73,89,96,1.83
29,Punta Arenas,CL,2021-10-27 02:49:26,-53.15,-70.9167,44.71,70,40,18.41
30,Ponta Do Sol,PT,2021-10-27 02:52:50,32.6667,-17.1,69.01,55,3,3.56
31,Fortuna,US,2021-10-27 02:52:51,40.5982,-124.1573,57.65,74,90,4.0
32,Avera,US,2021-10-27 02:52:51,33.194,-82.5271,59.72,66,2,6.58
33,Bredasdorp,ZA,2021-10-27 02:52:51,-34.5322,20.0403,64.27,82,100,19.57
34,Nanortalik,GL,2021-10-27 02:52:51,60.1432,-45.2371,35.35,64,59,3.38
35,Terrace Bay,CA,2021-10-27 02:52:52,48.7834,-87.1,35.22,85,23,11.59
36,Nome,US,2021-10-27 02:52:52,64.5011,-165.4064,24.87,69,90,4.61
37,Mahebourg,MU,2021-10-27 02:52:53,-20.4081,57.7,75.25,61,68,13.96
38,Santo Domingo De Guzman,MX,2021-10-27 02:52:53,19.5883,-99.7747,63.61,96,60,2.82
39,Bria,CF,2021-10-27 02:52:53,6.5423,21.9863,69.94,95,100,2.71
40,Rucar,RO,2021-10-27 02:52:54,45.4,25.1667,33.39,51,0,3.56
41,Nara,JP,2021-10-27 02:48:46,34.6851,135.8049,71.49,40,60,3.96
42,Ruwi,OM,2021-10-27 02:52:54,23.5996,58.5507,81.19,66,0,7.2
43,Sao Joao Da Barra,BR,2021-10-27 02:52:55,-21.6403,-41.0511,72.95,93,100,6.2
44,Abilene,US,2021-10-27 02:52:55,32.4487,-99.7331,81.09,69,1,4.0
45,Morondava,MG,2021-10-27 02:52:55,-20.2833,44.2833,74.12,81,0,7.23
46,Hermanus,ZA,2021-10-27 02:52:56,-34.4187,19.2345,64.8,88,76,15.73
47,Druskininkai,LT,2021-10-27 02:52:57,54.0167,23.9667,47.3,81,87,9.95
48,Labuhan,ID,2021-10-27 02:52:57,-6.8844,112.2051,87.85,59,93,4.7
49,Qaanaaq,GL,2021-10-27 02:52:58,77.484,-69.3632,20.37,94,100,13.58
50,Severo-Kurilsk,RU,2021-10-27 02:52:58,50.6789,156.125,46.35,86,100,6.93
51,Broken Hill,AU,2021-10-27 02:52:59,-31.95,141.4333,87.51,8,32,16.11
52,Katsuura,JP,2021-10-27 02:52:59,35.1333,140.3,65.19,81,100,12.17
53,Saint-Pierre,RE,2021-10-27 02:52:59,-21.3393,55.4781,73.04,59,0,5.75
54,Cherskiy,RU,2021-10-27 02:53:00,68.75,161.3,-14.35,98,32,3.85
55,Krasnokamensk,RU,2021-10-27 02:53:00,50.0979,118.0369,43.48,49,5,9.33
56,Digboi,IN,2021-10-27 02:53:00,27.3833,95.6333,76.15,68,0,2.13
57,Albany,US,2021-10-27 02:50:43,42.6001,-73.9662,53.62,94,100,1.01
58,Acapulco,MX,2021-10-27 02:48:43,16.8634,-99.8901,82.22,83,20,5.75
59,Guerrero Negro,MX,2021-10-27 02:53:02,27.9769,-114.0611,66.2,71,0,14.16
60,Nouakchott,MR,2021-10-27 02:49:41,18.0858,-15.9785,78.73,44,81,19.84
61,Chokurdakh,RU,2021-10-27 02:53:02,70.6333,147.9167,-7.22,97,99,4.09
62,Port Lincoln,AU,2021-10-27 02:53:03,-34.7333,135.8667,71.04,58,29,15.48
63,Esperance,AU,2021-10-27 02:50:05,-33.8667,121.9,55.24,53,100,7.7
64,Ust-Kulom,RU,2021-10-27 02:53:04,61.6864,53.6902,26.24,94,100,6.29
65,Aklavik,CA,2021-10-27 02:53:05,68.2191,-135.0107,25.63,96,100,5.06
66,Baykit,RU,2021-10-27 02:53:05,61.67,96.37,32.54,82,98,17.83
67,Tasiilaq,GL,2021-10-27 02:53:05,65.6145,-37.6368,32.18,81,100,3.4
68,Okakarara,NA,2021-10-27 02:53:05,-20.5833,17.4333,72.19,23,98,1.14
69,Saldanha,ZA,2021-10-27 02:53:07,-33.0117,17.9442,63.39,70,64,7.25
70,Saskylakh,RU,2021-10-27 02:53:07,71.9167,114.0833,-2.83,99,99,2.89
71,Puerto Ayora,EC,2021-10-27 02:53:07,-0.7393,-90.3518,68.56,94,97,1.99
72,Caconda,AO,2021-10-27 02:53:08,-13.7333,15.0667,63.46,73,75,1.59
73,Asau,RO,2021-10-27 02:53:08,46.4333,26.4,36.75,59,0,4.85
74,Dong Hoi,VN,2021-10-27 02:51:44,17.4833,106.6,73.51,91,100,16.31
75,Kruisfontein,ZA,2021-10-27 02:53:09,-34.0033,24.7314,64.89,84,98,16.17
76,Cap Malheureux,MU,2021-10-27 02:53:09,-19.9842,57.6142,75.47,66,4,7.0
77,Arraial Do Cabo,BR,2021-10-27 02:53:10,-22.9661,-42.0278,71.6,97,100,6.82
78,Hofn,IS,2021-10-27 02:53:10,64.2539,-15.2082,42.71,77,100,7.11
79,Busselton,AU,2021-10-27 02:53:10,-33.65,115.3333,59.04,60,70,14.29
80,Gouyave,GD,2021-10-27 02:53:11,12.1646,-61.7296,81.37,78,20,17.27
81,Hilo,US,2021-10-27 02:50:55,19.7297,-155.09,80.33,75,90,8.05
82,Kirensk,RU,2021-10-27 02:53:11,57.7853,108.1119,40.3,68,100,9.24
83,Sao Gabriel Da Cachoeira,BR,2021-10-27 02:49:13,-0.1303,-67.0892,72.99,99,100,1.77
84,Yantongshan,CN,2021-10-27 02:53:12,43.2919,126.0094,50.86,43,0,14.47
85,Suez,EG,2021-10-27 02:53:12,29.9737,32.5263,66.0,76,0,6.51
86,Riachao Das Neves,BR,2021-10-27 02:53:12,-11.7461,-44.91,76.57,59,95,7.4
87,Ushuaia,AR,2021-10-27 02:52:19,-54.8,-68.3,40.66,65,20,16.11
88,Malazgirt,TR,2021-10-27 02:53:13,39.1427,42.5401,32.16,28,0,3.27
89,Mount Gambier,AU,2021-10-27 02:50:34,-37.8333,140.7667,78.71,21,100,18.41
90,Mayskiy,RU,2021-10-27 02:53:14,47.6931,40.1025,20.61,56,7,4.52
91,Acari,PE,2021-10-27 02:53:14,-15.4311,-74.6158,67.6,70,5,1.97
92,Tuktoyaktuk,CA,2021-10-27 02:53:14,69.4541,-133.0374,28.4,100,90,3.44
93,Anori,BR,2021-10-27 02:53:15,-3.7728,-61.6442,74.3,95,91,1.39
94,Makakilo City,US,2021-10-27 02:52:16,21.3469,-158.0858,83.95,54,1,8.05
95,Daud Khel,PK,2021-10-27 02:53:15,32.875,71.5701,72.63,36,0,0.89
96,Mount Isa,AU,2021-10-27 02:53:16,-20.7333,139.5,98.37,19,75,6.91
97,Komsomolskiy,UZ,2021-10-27 02:53:16,40.4272,71.7189,47.62,53,93,4.61
98,San Jeronimo,PE,2021-10-27 02:53:16,-11.9472,-75.2829,51.48,80,100,2.68
99,Katangli,RU,2021-10-27 02:53:16,51.7102,143.2326,50.04,62,17,7.96
100,Mnogovershinnyy,RU,2021-10-27 02:53:17,53.9353,139.9242,39.9,66,100,2.95
101,Aborlan,PH,2021-10-27 02:53:17,9.4352,118.5492,86.61,70,88,10.47
102,Cabo San Lucas,MX,2021-10-27 02:52:42,22.8909,-109.9124,79.61,70,14,4.0
103,Kazerun,IR,2021-10-27 02:53:18,29.6195,51.6541,58.77,20,0,3.06
104,Jambi,ID,2021-10-27 02:53:18,-1.6,103.6167,87.08,65,100,4.41
105,Pisco,PE,2021-10-27 02:53:18,-13.7,-76.2167,61.02,82,0,6.91
106,Penzance,GB,2021-10-27 02:53:19,50.1186,-5.5371,60.01,88,100,27.29
107,Petrolina De Goias,BR,2021-10-27 02:53:19,-16.095,-49.3381,73.56,90,100,2.21
108,Ancud,CL,2021-10-27 02:53:19,-41.8697,-73.8203,52.43,91,92,3.65
109,Hithadhoo,MV,2021-10-27 02:53:20,-0.6,73.0833,83.93,70,99,15.05
110,Sayyan,YE,2021-10-27 02:53:20,15.1718,44.3244,50.47,22,1,3.42
111,Nouadhibou,MR,2021-10-27 02:53:21,20.931,-17.0347,69.78,83,97,11.5
112,Kokoda,PG,2021-10-27 02:53:21,-8.8785,147.7407,91.85,49,39,6.08
113,Thompson,CA,2021-10-27 02:53:21,55.7435,-97.8558,37.56,100,90,4.61
114,Am Timan,TD,2021-10-27 02:53:22,11.0297,20.2827,76.14,70,93,5.61
115,East London,ZA,2021-10-27 02:48:51,-33.0153,27.9116,66.92,87,100,21.61
116,Nikolskoye,RU,2021-10-27 02:53:22,59.7035,30.7861,45.88,92,100,10.07
117,Chuy,UY,2021-10-27 02:53:23,-33.6971,-53.4616,65.23,89,0,6.78
118,Saint-Ambroise,CA,2021-10-27 02:53:23,48.5501,-71.3324,41.54,81,91,2.3
119,Narsaq,GL,2021-10-27 02:53:23,60.9167,-46.05,29.77,59,62,6.98
120,Skara,SE,2021-10-27 02:53:24,58.3866,13.4384,47.62,94,99,8.99
121,Xinqing,CN,2021-10-27 02:53:24,48.2333,129.5,41.59,61,100,8.32
122,Kamenka,RU,2021-10-27 02:53:24,51.3223,42.7678,31.84,55,99,8.88
123,Tabory,RU,2021-10-27 02:53:25,58.5198,64.5495,25.43,99,85,3.22
124,Khatanga,RU,2021-10-27 02:53:25,71.9667,102.5,-6.77,100,94,3.31
125,Tiksi,RU,2021-10-27 02:53:25,71.6872,128.8694,14.34,94,100,4.09
126,Soe,ID,2021-10-27 02:53:26,-9.8607,124.284,90.46,27,88,8.55
127,Sao Jose Da Coroa Grande,BR,2021-10-27 02:53:26,-8.8978,-35.1478,75.99,83,18,10.36
128,Rumoi,JP,2021-10-27 02:53:26,43.9344,141.6428,58.05,66,25,9.42
129,Ngunguru,NZ,2021-10-27 02:53:26,-35.6167,174.5,73.17,70,100,11.83
130,Margate,GB,2021-10-27 02:53:27,51.3813,1.3862,60.51,86,91,3.0
131,Basay,PH,2021-10-27 02:53:27,9.4087,122.64,84.45,72,92,6.73
132,Yashan,CN,2021-10-27 02:53:27,22.1975,109.9419,73.4,70,85,6.33
133,Pevek,RU,2021-10-27 02:53:28,69.7008,170.3133,11.16,93,100,13.2
134,Basoko,CD,2021-10-27 02:53:28,1.2391,23.616,71.53,96,100,1.95
135,Mar Del Plata,AR,2021-10-27 02:53:28,-38.0023,-57.5575,63.88,70,0,1.99
136,Port Alfred,ZA,2021-10-27 02:53:29,-33.5906,26.891,66.85,86,94,29.12
137,Plouzane,FR,2021-10-27 02:53:29,48.3833,-4.6167,57.38,94,90,14.97
138,Avarua,CK,2021-10-27 02:53:29,-21.2078,-159.775,78.85,69,20,9.22
139,Comodoro Rivadavia,AR,2021-10-27 02:52:47,-45.8667,-67.5,64.26,39,0,23.02
140,Guymon,US,2021-10-27 02:50:02,36.6828,-101.4816,68.0,22,1,13.8
141,Kovylkino,RU,2021-10-27 02:53:30,54.0388,43.9139,36.27,61,100,13.18
142,Victoria,HK,2021-10-27 02:51:53,22.2855,114.1577,81.25,74,95,1.99
143,Itaituba,BR,2021-10-27 02:53:31,-4.2761,-55.9836,74.12,96,35,0.6
144,Naze,JP,2021-10-27 02:53:31,28.3667,129.4833,72.52,54,49,13.02
145,Caravelas,BR,2021-10-27 02:53:31,-17.7125,-39.2481,73.58,82,12,3.42
146,Kapaa,US,2021-10-27 02:52:32,22.0752,-159.319,82.38,75,1,1.01
147,Airai,TL,2021-10-27 02:53:32,-8.9266,125.4092,81.39,33,94,3.11
148,Fukue,JP,2021-10-27 02:53:32,32.6881,128.8419,70.16,52,20,9.22
149,Jalu,LY,2021-10-27 02:53:32,29.0331,21.5482,67.14,57,3,9.01
150,Northam,GB,2021-10-27 02:53:33,51.0333,-4.2167,59.67,88,100,22.7
151,Brae,GB,2021-10-27 02:53:33,60.3964,-1.353,53.51,91,21,19.06
152,Norman Wells,CA,2021-10-27 02:53:33,65.282,-126.8329,26.64,93,90,4.61
153,Cayenne,GF,2021-10-27 02:53:34,4.9333,-52.3333,81.09,87,20,5.01
154,High Level,CA,2021-10-27 02:53:34,58.5169,-117.136,39.31,100,90,5.75
155,Cheremukhovo,RU,2021-10-27 02:53:34,60.3484,59.9851,19.29,87,37,1.48
156,Sao Filipe,CV,2021-10-27 02:53:35,14.8961,-24.4956,78.87,76,74,10.83
157,San Patricio,US,2021-10-27 02:53:35,28.017,-97.5169,81.84,78,75,17.16
158,Jijiga,ET,2021-10-27 02:53:36,9.35,42.8,62.17,65,0,3.24
159,Venice,US,2021-10-27 02:53:36,27.0998,-82.4543,79.99,83,66,1.99
160,Hervey Bay,AU,2021-10-27 02:53:36,-25.2986,152.8535,82.51,71,14,9.91
161,Bonavista,CA,2021-10-27 02:53:37,48.6499,-53.1147,40.12,71,6,7.67
162,Dakar,SN,2021-10-27 02:52:47,14.6937,-17.4441,80.73,83,0,2.3
163,Abu Kamal,SY,2021-10-27 02:53:37,34.4506,40.9171,65.84,32,13,3.58
164,Seguela,CI,2021-10-27 02:53:37,7.9611,-6.6731,70.72,93,64,2.42
165,Aykhal,RU,2021-10-27 02:53:38,66.0,111.5,9.75,94,99,6.55
166,Mansa,IN,2021-10-27 02:53:38,29.9833,75.3833,71.31,38,0,3.62
167,Ekibastuz,KZ,2021-10-27 02:53:38,51.6667,75.3667,29.71,59,100,2.44
168,San Quintin,MX,2021-10-27 02:53:39,30.4833,-115.95,62.01,76,0,11.77
169,Tuatapere,NZ,2021-10-27 02:53:39,-46.1333,167.6833,57.99,90,92,5.1
170,Olafsvik,IS,2021-10-27 02:53:39,64.8945,-23.7142,41.74,85,100,38.5
171,Bethel,US,2021-10-27 02:53:40,41.3712,-73.414,55.51,93,100,1.99
172,Kavieng,PG,2021-10-27 02:53:40,-2.5744,150.7967,84.72,67,80,3.06
173,College,US,2021-10-27 02:53:40,64.8569,-147.8028,30.2,92,90,0.0
174,Sobolevo,RU,2021-10-27 02:53:41,54.4299,31.8996,37.94,70,100,11.65
175,Burns Lake,CA,2021-10-27 02:53:41,54.2331,-125.7533,38.62,92,100,3.18
176,Hoi An,VN,2021-10-27 02:53:41,15.8794,108.335,80.56,89,100,15.64
177,Bonthe,SL,2021-10-27 02:53:42,7.5264,-12.505,75.74,90,41,3.85
178,Chropyne,CZ,2021-10-27 02:53:42,49.3564,17.3645,47.21,85,94,2.39
179,Luderitz,NA,2021-10-27 02:53:42,-26.6481,15.1594,57.06,89,4,4.23
180,Butaritari,KI,2021-10-27 02:53:43,3.0707,172.7902,82.81,73,14,10.07
181,Ribeira Grande,PT,2021-10-27 02:53:43,38.5167,-28.7,68.99,91,100,19.3
182,Dunedin,NZ,2021-10-27 02:53:44,-45.8742,170.5036,58.8,74,86,8.01
183,Carnarvon,AU,2021-10-27 02:53:44,-24.8667,113.6333,71.67,49,90,13.8
184,Tungor,RU,2021-10-27 02:53:45,53.3808,142.9564,44.96,74,100,4.47
185,Port Pirie,AU,2021-10-27 02:53:45,-33.1833,138.0167,87.48,24,100,19.69
186,Saint Anthony,US,2021-10-27 02:53:45,45.0205,-93.218,52.3,56,39,4.0
187,Veraval,IN,2021-10-27 02:53:46,20.9,70.3667,80.33,55,1,9.44
188,Andros Town,BS,2021-10-27 02:53:46,24.7,-77.7667,80.56,78,0,10.56
189,Bintulu,MY,2021-10-27 02:53:47,3.1667,113.0333,86.41,79,40,5.01
190,Fuyang,CN,2021-10-27 02:53:47,32.9,115.8167,67.75,51,35,5.97
191,Sola,VU,2021-10-27 02:53:47,-13.8833,167.55,81.16,77,9,13.06
192,Gidole,ET,2021-10-27 02:53:48,5.65,37.3667,55.35,81,25,2.44
193,Saurimo,AO,2021-10-27 02:53:48,-9.6608,20.3916,63.43,96,100,3.33
194,Portel,BR,2021-10-27 02:53:48,-1.9356,-50.8211,74.48,95,41,3.62
195,Hammerfest,NO,2021-10-27 02:53:49,70.6634,23.6821,32.45,69,94,23.02
196,Faanui,PF,2021-10-27 02:53:49,-16.4833,-151.75,79.99,72,67,7.18
197,Tarakan,ID,2021-10-27 02:53:50,3.3,117.6333,80.1,89,75,3.44
198,Galle,LK,2021-10-27 02:53:50,6.0367,80.217,79.16,77,77,6.64
199,Tautira,PF,2021-10-27 02:53:50,-17.7333,-149.15,82.42,76,32,5.17
200,Coihaique,CL,2021-10-27 02:53:50,-45.5752,-72.0662,53.55,66,75,5.75
201,Sept-Iles,CA,2021-10-27 02:53:48,50.2001,-66.3821,41.43,72,1,4.0
202,Luena,AO,2021-10-27 02:53:51,-11.7833,19.9167,62.31,93,100,2.71
203,Santa Cruz,BO,2021-10-27 02:53:51,-17.8,-63.1667,71.06,68,76,4.61
204,Kutum,SD,2021-10-27 02:53:51,14.2,24.6667,70.3,25,90,7.54
205,Saint-Philippe,RE,2021-10-27 02:53:52,-21.3585,55.7679,72.95,74,15,10.25
206,Kota Kinabalu,MY,2021-10-27 02:53:52,5.9749,116.0724,87.78,74,20,4.61
207,Harwich,GB,2021-10-27 02:53:53,51.9419,1.2844,60.57,84,100,7.0
208,Faya,SA,2021-10-27 02:53:53,18.3851,42.4509,57.31,74,7,1.12
209,Upernavik,GL,2021-10-27 02:53:53,72.7868,-56.1549,17.76,50,99,6.26
210,Peniche,PT,2021-10-27 02:53:54,39.3558,-9.3811,65.62,90,6,5.82
211,Port Elizabeth,ZA,2021-10-27 02:53:35,-33.918,25.5701,67.1,88,90,20.71
212,Korfovskiy,RU,2021-10-27 02:53:54,48.2183,135.0564,47.66,56,66,7.4
213,Strezhevoy,RU,2021-10-27 02:53:55,60.7333,77.5889,21.18,86,71,15.23
214,Baker City,US,2021-10-27 02:53:55,44.7749,-117.8344,46.31,83,98,4.88
215,Gornopravdinsk,RU,2021-10-27 02:53:55,60.05,69.9,21.7,90,6,7.87
216,Ladario,BR,2021-10-27 02:53:57,-19.0047,-57.6017,74.98,51,100,1.03
217,Talaya,RU,2021-10-27 02:53:57,61.3833,152.75,10.58,83,4,1.01
218,Kodiak,US,2021-10-27 02:53:58,57.79,-152.4072,34.95,70,100,12.93
219,Ulaangom,MN,2021-10-27 02:53:59,49.9811,92.0667,39.76,45,42,1.12
220,Provideniya,RU,2021-10-27 02:53:59,64.3833,-173.3,19.51,68,90,11.18
221,Harper,LR,2021-10-27 02:53:59,4.375,-7.7169,76.59,90,99,4.09
222,Resistencia,AR,2021-10-27 02:52:28,-27.4606,-58.9839,73.45,65,0,5.75
223,Udachnyy,RU,2021-10-27 02:54:00,66.4167,112.4,6.58,97,92,5.46
224,Solnechnyy,RU,2021-10-27 02:54:00,50.7214,136.6319,43.93,77,89,1.95
225,Agadez,NE,2021-10-27 02:54:00,19.75,10.25,76.14,17,0,8.03
226,Arlit,NE,2021-10-27 02:54:01,18.7369,7.3853,81.19,14,1,8.5
227,Evensk,RU,2021-10-27 02:54:01,61.95,159.2333,14.02,76,0,3.94
228,San Vicente,AR,2021-10-27 02:54:02,-26.6167,-54.1333,62.02,75,100,2.95
229,Dargaville,NZ,2021-10-27 02:54:02,-35.9333,173.8833,67.32,80,100,3.51
230,Salalah,OM,2021-10-27 02:54:04,17.0151,54.0924,76.5,61,1,2.68
231,Illapel,CL,2021-10-27 02:54:04,-31.6308,-71.1653,60.33,78,0,1.74
232,Sungaipenuh,ID,2021-10-27 02:54:05,-2.0833,101.3833,70.93,78,100,2.82
233,Vaitape,PF,2021-10-27 02:54:05,-16.5167,-151.75,79.97,72,68,7.14
234,Sawakin,SD,2021-10-27 02:54:05,19.1059,37.3321,82.72,80,20,3.06
235,Canaries,ES,2021-10-27 02:54:06,28.0,-15.5,62.56,75,75,5.01
236,Buala,SB,2021-10-27 02:54:06,-8.145,159.5921,85.26,70,94,3.65
237,Myitkyina,MM,2021-10-27 02:54:07,25.3833,97.4,79.84,61,2,1.77
238,Meulaboh,ID,2021-10-27 02:54:07,4.1363,96.1285,80.37,81,100,2.66
239,Souillac,MU,2021-10-27 02:54:07,-20.5167,57.5167,75.36,63,65,13.06
240,Colatina,BR,2021-10-27 02:54:08,-19.5394,-40.6306,71.78,96,59,2.17
241,Talnakh,RU,2021-10-27 02:54:08,69.4865,88.3972,12.27,88,100,5.03
242,Havre-Saint-Pierre,CA,2021-10-27 02:54:09,50.2334,-63.5986,42.8,80,1,8.05
243,Aksu,CN,2021-10-27 02:54:09,41.1231,80.2644,51.49,36,100,2.55
244,Bowen,AU,2021-10-27 02:54:09,-20.0167,148.2333,84.42,63,0,10.89
245,Kuandian,CN,2021-10-27 02:54:10,40.7286,124.7847,52.63,46,0,5.19
246,Alofi,NU,2021-10-27 02:54:10,-19.0595,-169.9187,80.49,61,75,21.85
247,Qasigiannguit,GL,2021-10-27 02:54:11,68.8193,-51.1922,-0.9,77,9,4.12
248,Eureka,US,2021-10-27 02:54:11,40.8021,-124.1637,57.92,92,100,1.99
249,Georgetown,MY,2021-10-27 02:53:25,5.4112,100.3354,84.15,79,20,1.01
250,Dedougou,BF,2021-10-27 02:54:11,12.4667,-3.4667,80.74,50,8,6.69
251,Nikel,RU,2021-10-27 02:54:12,69.4128,30.222,32.18,85,100,10.25
252,Havelock,US,2021-10-27 02:54:12,34.8791,-76.9013,60.78,60,1,8.99
253,Klaksvik,FO,2021-10-27 02:54:13,62.2266,-6.589,50.92,86,2,20.69
254,Sorong,ID,2021-10-27 02:54:13,-0.8833,131.25,84.88,69,86,5.06
255,Deputatskiy,RU,2021-10-27 02:54:13,69.3,139.9,5.77,92,100,2.62
256,Lithakia,GR,2021-10-27 02:54:14,37.7167,20.8333,60.58,69,56,11.32
257,Wanning,CN,2021-10-27 02:54:14,18.8003,110.3967,76.51,91,97,6.55
258,Middelburg,ZA,2021-10-27 02:54:14,-25.7751,29.4648,57.33,85,8,7.96
259,Shingu,JP,2021-10-27 02:54:15,33.7333,135.9833,72.59,61,82,4.32
260,Sisimiut,GL,2021-10-27 02:54:15,66.9395,-53.6735,20.48,60,63,9.22
261,Kirakira,SB,2021-10-27 02:54:15,-10.4544,161.9205,83.32,78,72,7.07
262,Minsk,BY,2021-10-27 02:49:59,53.9,27.5667,37.15,83,100,10.54
263,Mehriz,IR,2021-10-27 02:54:16,31.5917,54.4318,50.97,29,0,3.33
264,Ilulissat,GL,2021-10-27 02:54:16,69.2167,-51.1,-1.43,79,6,4.61
265,Kushima,JP,2021-10-27 02:54:17,31.4583,131.2333,71.64,42,0,3.13
266,Padang,ID,2021-10-27 02:54:18,-0.9492,100.3543,82.45,82,100,1.52
267,Road Town,VG,2021-10-27 02:52:19,18.4167,-64.6167,81.19,73,9,9.28
268,Wamba,NG,2021-10-27 02:54:18,8.9333,8.6,72.63,92,48,1.95
269,Prachuap Khiri Khan,TH,2021-10-27 02:54:19,12.2167,99.75,80.91,70,86,7.63
270,La Ronge,CA,2021-10-27 02:54:19,55.1001,-105.2842,43.02,93,90,10.36
271,Poum,NC,2021-10-27 02:54:19,-20.2333,164.0167,75.81,71,100,6.38
272,Kununurra,AU,2021-10-27 02:51:34,-15.7667,128.7333,98.58,36,12,6.91
273,Kumluca,TR,2021-10-27 02:54:20,36.3703,30.2869,64.56,55,17,5.66
274,Yelan-Koleno,RU,2021-10-27 02:54:20,51.1523,41.2306,33.17,50,97,9.4
275,Tezu,IN,2021-10-27 02:54:20,27.9167,96.1667,79.0,41,0,2.35
276,Hualmay,PE,2021-10-27 02:54:21,-11.0964,-77.6139,62.83,84,99,11.12
277,Leh,IN,2021-10-27 02:54:21,34.1667,77.5833,27.45,69,98,1.25
278,Belmonte,BR,2021-10-27 02:52:12,-15.8631,-38.8828,77.5,84,3,7.61
279,Polignano A Mare,IT,2021-10-27 02:54:22,40.9959,17.2159,61.68,74,82,10.11
280,Sioux Lookout,CA,2021-10-27 02:54:22,50.1001,-91.917,39.58,75,75,9.22
281,Guaruja,BR,2021-10-27 02:54:22,-23.9931,-46.2564,75.16,26,99,2.1
282,Los Llanos De Aridane,ES,2021-10-27 02:54:23,28.6585,-17.9182,64.15,76,90,1.01
283,Roebourne,AU,2021-10-27 02:54:23,-20.7833,117.1333,87.21,19,0,8.25
284,Ojinaga,MX,2021-10-27 02:54:23,29.5667,-104.4167,83.35,23,1,26.46
285,Beinamar,TD,2021-10-27 02:54:24,8.6698,15.3813,72.36,88,100,3.2
286,Thinadhoo,MV,2021-10-27 02:54:24,0.5333,72.9333,83.97,71,90,14.38
287,Gigmoto,PH,2021-10-27 02:54:24,13.7796,124.39,81.64,83,98,10.42
288,Dogondoutchi,NE,2021-10-27 02:54:25,13.6393,4.0287,84.0,27,94,5.37
289,Dhidhdhoo,MV,2021-10-27 02:54:25,6.8833,73.1,81.55,76,100,8.32
290,Port Hardy,CA,2021-10-27 02:49:27,50.6996,-127.4199,48.2,100,90,6.91
291,Rongcheng,CN,2021-10-27 02:54:25,30.634,117.8517,69.58,60,34,5.55
292,Hamilton,US,2021-10-27 02:54:26,39.1834,-84.5333,46.78,85,0,4.74
293,Yar-Sale,RU,2021-10-27 02:54:26,66.8333,70.8333,15.8,92,99,11.63
294,Saint-Francois,FR,2021-10-27 02:54:26,46.4154,3.9054,40.44,100,90,1.14
295,Mahibadhoo,MV,2021-10-27 02:54:27,3.7833,72.9667,82.06,76,77,11.07
296,Yagodnoye,RU,2021-10-27 02:54:27,62.55,149.6667,7.09,87,74,1.54
297,Berlevag,NO,2021-10-27 02:54:28,70.8578,29.0864,33.87,58,100,19.46
298,Te Anau,NZ,2021-10-27 02:54:28,-45.4167,167.7167,62.51,55,98,3.74
299,Rocha,UY,2021-10-27 02:54:28,-34.4833,-54.3333,64.9,81,0,4.99
300,Trojan,PL,2021-10-27 02:54:29,53.7897,20.2404,45.68,96,14,7.52
301,Vila Franca Do Campo,PT,2021-10-27 02:54:29,37.7167,-25.4333,70.21,85,58,15.3
302,Coahuayana,MX,2021-10-27 02:54:29,18.7333,-103.6833,77.02,91,100,2.15
303,Kasongo-Lunda,CD,2021-10-27 02:54:30,-6.4667,16.8167,68.38,99,100,2.37
304,Bengkulu,ID,2021-10-27 02:54:30,-3.8004,102.2655,77.58,86,99,6.15
305,Karwar,IN,2021-10-27 02:54:30,14.8,74.1333,77.85,62,4,7.38
306,Kantunilkin,MX,2021-10-27 02:54:31,21.0917,-87.45,79.95,98,52,2.82
307,Manggar,ID,2021-10-27 02:54:31,-2.8833,108.2667,86.38,65,48,3.58
308,Maneadero,MX,2021-10-27 02:54:31,31.7167,-116.5667,61.11,86,0,5.01
309,Tabas,IR,2021-10-27 02:54:32,33.5959,56.9244,59.45,22,0,0.58
310,Lebu,CL,2021-10-27 02:54:32,-37.6167,-73.65,51.91,88,0,15.35
311,Takoradi,GH,2021-10-27 02:54:32,4.8845,-1.7554,76.68,89,83,4.27
312,Barcelos,PT,2021-10-27 02:54:33,41.5388,-8.6151,56.68,63,87,4.68
313,Puerto Quijarro,BO,2021-10-27 02:54:33,-17.7833,-57.7667,75.13,60,100,1.72
314,Kathu,TH,2021-10-27 02:54:34,7.9178,98.3332,86.7,87,84,7.0
315,Ahipara,NZ,2021-10-27 02:54:34,-35.1667,173.1667,67.93,68,98,7.34
316,Ewa Beach,US,2021-10-27 02:54:34,21.3156,-158.0072,85.37,59,1,8.05
317,Vinces,EC,2021-10-27 02:54:35,-1.55,-79.7333,75.09,70,100,6.55
318,Antalaha,MG,2021-10-27 02:54:35,-14.9003,50.2788,70.3,78,7,6.04
319,Kathmandu,NP,2021-10-27 02:50:29,27.7167,85.3167,62.82,88,20,0.0
320,Muyezerskiy,RU,2021-10-27 02:54:36,63.9333,31.65,40.12,96,100,8.88
321,Yazd,IR,2021-10-27 02:54:36,31.8972,54.3675,54.03,27,0,5.95
322,Yanam,IN,2021-10-27 02:54:36,16.7333,82.2167,81.0,65,96,3.51
323,Praia,CV,2021-10-27 02:54:37,14.9215,-23.5087,77.54,83,0,11.5
324,Kalulushi,ZM,2021-10-27 02:54:37,-12.8378,28.0919,67.39,51,81,4.27
325,Mildura,AU,2021-10-27 02:54:37,-34.2,142.15,89.08,8,90,13.8
326,Tromso,NO,2021-10-27 02:54:38,69.6496,18.957,33.82,60,75,3.44
327,Sabang,ID,2021-10-27 02:54:38,5.8933,95.3214,80.71,77,96,7.27
328,Guaratuba,BR,2021-10-27 02:54:38,-25.8828,-48.5747,68.79,93,93,2.53
329,Lorengau,PG,2021-10-27 02:54:39,-2.0226,147.2712,86.11,66,11,6.44
330,Teya,RU,2021-10-27 02:54:39,60.3778,92.6267,27.16,83,98,19.6
331,Camana,PE,2021-10-27 02:54:39,-16.6228,-72.7111,63.16,78,2,5.06
332,Ruteng,ID,2021-10-27 02:54:40,-8.6136,120.4721,76.68,62,71,2.44
333,Loreto,MX,2021-10-27 02:54:40,22.2667,-101.9667,65.01,61,39,6.22
334,Talcahuano,CL,2021-10-27 02:54:40,-36.7167,-73.1167,55.08,82,0,10.36
335,Namibe,AO,2021-10-27 02:54:41,-15.1961,12.1522,64.72,70,75,9.17
336,Bandarbeyla,SO,2021-10-27 02:54:41,9.4942,50.8122,76.96,79,41,3.02
337,Arkhara,RU,2021-10-27 02:54:41,49.4212,130.0842,43.43,59,100,4.92
338,Abapo,BO,2021-10-27 02:54:42,-18.8333,-63.4667,63.05,48,46,3.2
339,Kenai,US,2021-10-27 02:54:42,60.5544,-151.2583,35.69,76,1,0.0
340,Karratha,AU,2021-10-27 02:54:42,-20.7377,116.8463,85.96,21,0,10.29
341,Henties Bay,NA,2021-10-27 02:54:43,-22.116,14.2845,58.86,86,99,9.91
342,Manadhoo,MV,2021-10-27 02:54:43,5.7667,73.3833,81.21,76,100,7.2
343,Wajima,JP,2021-10-27 02:54:43,37.4,136.9,65.08,72,75,9.22
344,Bambous Virieux,MU,2021-10-27 02:54:44,-20.3428,57.7575,75.22,60,55,13.69
345,Ravar,IR,2021-10-27 02:54:44,31.2656,56.8055,57.58,26,0,0.83
346,Dingle,PH,2021-10-27 02:54:44,10.9995,122.6711,84.45,76,75,8.97
347,Ovalle,CL,2021-10-27 02:54:45,-30.5983,-71.2003,61.7,70,0,1.97
348,Susanville,US,2021-10-27 02:54:45,40.4163,-120.653,45.09,87,96,8.99
349,Lisala,CD,2021-10-27 02:54:45,2.15,21.5167,69.75,99,100,0.96
350,Katherine,AU,2021-10-27 02:54:46,-14.4667,132.2667,93.52,46,0,8.05
351,Medea,DZ,2021-10-27 02:54:46,36.2642,2.7539,50.45,92,100,3.53
352,Elliot Lake,CA,2021-10-27 02:54:46,46.3834,-82.6331,42.89,72,99,9.04
353,Culebra,PR,2021-10-27 02:54:47,18.303,-65.301,81.19,73,4,6.53
354,Fort Saint James,CA,2021-10-27 02:54:47,54.4333,-124.25,41.31,85,100,3.8
355,Portland,US,2021-10-27 02:52:34,45.5234,-122.6762,55.62,91,90,3.0
356,Kaitangata,NZ,2021-10-27 02:54:48,-46.2817,169.8464,57.54,78,67,6.6
357,Nador,MA,2021-10-27 02:54:49,35.174,-2.9287,64.65,88,20,4.61
358,Chifeng,CN,2021-10-27 02:54:49,42.2683,118.9636,53.98,30,0,14.92
359,Nemuro,JP,2021-10-27 02:54:50,43.3236,145.575,61.23,73,4,5.17
360,Tual,ID,2021-10-27 02:54:50,-5.6667,132.75,84.13,72,47,5.75
361,Pandamatenga,BW,2021-10-27 02:54:50,-18.5278,25.627,71.33,60,79,8.3
362,Cantanhede,BR,2021-10-27 02:53:16,-3.6333,-44.3767,77.43,84,80,5.14
363,Concordia,AR,2021-10-27 02:54:51,-31.393,-58.0209,66.78,79,0,1.99
364,Seoul,KR,2021-10-27 02:52:07,37.5683,126.9778,61.99,57,0,12.66
365,Westport,US,2021-10-27 02:54:51,41.1415,-73.3579,57.34,94,90,1.99
366,Skelleftea,SE,2021-10-27 02:54:52,64.7507,20.9528,33.01,69,90,2.3
367,Dayong,CN,2021-10-27 02:54:52,25.0209,118.2898,80.28,61,18,3.56
368,Gimli,CA,2021-10-27 02:54:52,50.6336,-96.9907,50.43,61,100,23.02
369,Menongue,AO,2021-10-27 02:54:53,-14.6585,17.691,63.66,82,89,6.44
370,Alihe,CN,2021-10-27 02:54:53,50.5667,123.7167,45.86,50,8,10.71
371,Coquimbo,CL,2021-10-27 02:53:16,-29.9533,-71.3436,55.13,94,20,3.44
372,Ulaanbaatar,MN,2021-10-27 02:54:53,47.9077,106.8832,33.93,47,0,2.24
373,Kawalu,ID,2021-10-27 02:54:54,-7.3817,108.2082,83.35,70,98,4.12
374,Nhulunbuy,AU,2021-10-27 02:54:54,-12.2333,136.7667,90.21,58,75,11.5
375,Aars,DK,2021-10-27 02:54:54,56.804,9.5144,57.34,90,100,18.43
376,Jiaojiang,CN,2021-10-27 02:54:55,28.6803,121.4428,73.0,71,39,8.21
377,Niquelandia,BR,2021-10-27 02:54:56,-14.4739,-48.4597,73.83,87,100,1.48
378,Longyearbyen,SJ,2021-10-27 02:54:56,78.2186,15.6401,13.84,79,40,6.91
379,Akureyri,IS,2021-10-27 02:54:57,65.6835,-18.0878,39.13,87,90,8.05
380,Ilo,PE,2021-10-27 02:54:57,-17.6394,-71.3375,61.02,83,5,3.94
381,Leningradskiy,RU,2021-10-27 02:54:57,69.3833,178.4167,9.01,90,100,22.59
382,Lyaskelya,RU,2021-10-27 02:54:58,61.7667,31.0167,44.85,94,100,7.56
383,Chateaubelair,VC,2021-10-27 02:54:58,13.2833,-61.25,79.29,75,100,13.49
384,Lucapa,AO,2021-10-27 02:54:58,-8.4192,20.7447,63.52,95,100,2.98
385,Atambua,ID,2021-10-27 02:54:59,-9.1061,124.8925,88.68,48,100,4.0
386,Lagoa,PT,2021-10-27 02:54:59,39.05,-27.9833,67.86,89,100,21.18
387,Tucuman,AR,2021-10-27 02:50:14,-26.8241,-65.2226,82.4,18,99,9.22
388,North Bend,US,2021-10-27 02:54:59,43.4065,-124.2243,57.92,97,90,11.5
389,Kurilsk,RU,2021-10-27 02:55:00,45.2333,147.8833,52.12,65,66,7.27
390,Forbes,AU,2021-10-27 02:55:00,-33.3833,148.0167,85.91,9,0,8.01
391,Anadyr,RU,2021-10-27 02:55:00,64.75,177.4833,5.5,85,75,6.71
392,Isangel,VU,2021-10-27 02:52:47,-19.55,169.2667,84.31,79,75,5.75
393,Otradnoye,RU,2021-10-27 02:55:01,59.7775,30.8181,46.04,92,100,10.25
394,Bull Savanna,JM,2021-10-27 02:55:01,17.8868,-77.5902,76.55,78,11,6.51
395,Oranjestad,AW,2021-10-27 02:54:48,12.524,-70.027,84.15,74,20,18.41
396,Santa Luzia,BR,2021-10-27 02:50:47,-19.7697,-43.8514,71.94,73,75,3.44
397,Chalmette,US,2021-10-27 02:55:02,29.9427,-89.9634,75.2,78,1,1.01
398,Aksarka,RU,2021-10-27 02:55:03,66.5606,67.7975,16.57,79,98,13.15
399,Opuwo,NA,2021-10-27 02:55:04,-18.0607,13.84,66.74,23,99,2.19
400,Piacabucu,BR,2021-10-27 02:55:04,-10.4056,-36.4344,75.7,79,0,8.59
401,Rosita,NI,2021-10-27 02:55:05,13.9268,-84.4032,73.58,98,66,0.16
402,Almaznyy,RU,2021-10-27 02:55:06,48.0448,40.045,19.54,52,6,5.28
403,Sechura,PE,2021-10-27 02:55:06,-5.5569,-80.8222,65.1,80,81,11.63
404,Leshukonskoye,RU,2021-10-27 02:55:07,64.8989,45.7622,27.68,97,100,8.5
405,Asyut,EG,2021-10-27 02:55:07,27.181,31.1837,62.78,41,0,4.5
406,Cidreira,BR,2021-10-27 02:55:08,-30.1811,-50.2056,67.35,75,0,10.27
407,Kavaratti,IN,2021-10-27 02:55:08,10.5669,72.642,80.62,80,100,11.41
408,Acucena,BR,2021-10-27 02:55:09,-19.0731,-42.5464,68.52,97,47,3.11
409,Teguldet,RU,2021-10-27 02:55:09,57.3064,88.1667,29.48,66,100,15.93
410,Himatnagar,IN,2021-10-27 02:55:10,23.6,72.95,72.41,53,1,7.63
411,Omsukchan,RU,2021-10-27 02:55:10,62.5333,155.8,8.87,92,9,1.83
412,Bathsheba,BB,2021-10-27 02:55:10,13.2167,-59.5167,81.21,74,40,23.02
413,Bahia Honda,CU,2021-10-27 02:55:11,22.9036,-83.1592,77.79,85,94,1.63
414,Kant,IN,2021-10-27 02:55:11,27.8,79.8,69.96,64,0,4.65
415,Sawtell,AU,2021-10-27 02:55:11,-30.3833,153.1,82.18,73,15,19.57
416,Belfast,GB,2021-10-27 02:50:57,54.5833,-5.9333,57.38,98,75,9.22
417,Espanola,US,2021-10-27 02:52:20,35.9911,-106.0806,47.59,41,16,10.07
418,Baruun-Urt,MN,2021-10-27 02:55:12,46.6806,113.2792,43.92,38,0,8.99
419,Inuvik,CA,2021-10-27 02:55:12,68.3499,-133.7218,27.61,100,90,0.0
420,Tukrah,LY,2021-10-27 02:55:13,32.5341,20.5791,68.79,80,0,8.3
421,Grindavik,IS,2021-10-27 02:55:13,63.8424,-22.4338,44.55,93,90,28.77
422,Crixas,BR,2021-10-27 02:53:09,-14.5489,-49.9692,71.44,97,100,5.5
423,Charters Towers,AU,2021-10-27 02:55:14,-20.1,146.2667,95.02,26,1,10.16
424,Port Augusta,AU,2021-10-27 02:55:14,-32.5,137.7667,92.5,17,100,26.75
425,Banjar,ID,2021-10-27 02:55:14,-8.19,114.9675,84.06,74,81,1.5
426,Lompoc,US,2021-10-27 02:51:29,34.6391,-120.4579,63.01,76,1,11.5
427,Sulina,RO,2021-10-27 02:55:15,45.1559,29.6536,52.36,61,99,4.92
428,Beringovskiy,RU,2021-10-27 02:55:15,63.05,179.3167,8.6,84,100,23.89
429,Caxito,AO,2021-10-27 02:55:15,-8.5785,13.6643,74.48,76,100,1.92
430,Mulege,MX,2021-10-27 02:55:16,26.8833,-111.9833,72.52,67,28,9.4
431,Porto Novo,BJ,2021-10-27 02:53:42,6.4965,2.6036,76.82,83,74,3.38
432,North Platte,US,2021-10-27 02:55:17,41.1239,-100.7654,53.49,82,90,18.41
433,Bilma,NE,2021-10-27 02:55:19,18.6853,12.9164,78.12,17,0,5.5
434,Hobyo,SO,2021-10-27 02:55:19,5.3505,48.5268,80.24,75,43,7.27
435,Khandyga,RU,2021-10-27 02:55:19,62.6667,135.6,31.39,96,100,1.63
436,Charlestown,AU,2021-10-27 02:55:20,-32.95,151.6667,89.22,53,5,1.99
437,Kemin,KG,2021-10-27 02:55:20,42.7846,75.6892,48.25,42,100,2.3
438,Kassala,SD,2021-10-27 02:55:20,15.451,36.4,83.89,40,50,4.25
439,Guadalupe Y Calvo,MX,2021-10-27 02:55:21,26.1,-106.9667,47.48,96,15,3.44
440,Jibuti,DJ,2021-10-27 02:52:04,11.5,42.5,78.22,71,5,13.42
441,Tamiahua,MX,2021-10-27 02:55:21,21.2667,-97.45,79.59,93,42,10.78
442,Orlik,RU,2021-10-27 02:55:22,52.5178,99.825,37.26,46,94,2.77
443,Seeboden,AT,2021-10-27 02:55:22,46.8219,13.495,45.77,92,5,4.14
444,Longford,IE,2021-10-27 02:55:22,53.7333,-7.8,57.54,97,100,11.59
445,Songjianghe,CN,2021-10-27 02:55:23,42.1859,127.479,46.42,56,16,7.96
446,Raahe,FI,2021-10-27 02:55:23,64.6833,24.4833,37.0,85,100,7.02
447,Maxixe,MZ,2021-10-27 02:55:23,-23.8597,35.3472,69.98,86,8,8.3
448,Maiduguri,NG,2021-10-27 02:55:24,11.8464,13.1603,75.51,29,58,1.07
449,Nurota,UZ,2021-10-27 02:55:24,40.5614,65.6886,48.29,51,100,1.34
450,Dutlwe,BW,2021-10-27 02:55:25,-23.9833,23.9,67.51,64,45,18.48
451,Kulhudhuffushi,MV,2021-10-27 02:55:25,6.6221,73.07,81.21,78,100,8.01
452,Lipari,IT,2021-10-27 02:55:25,38.4674,14.954,62.78,73,73,11.48
453,Clarence Town,AU,2021-10-27 02:55:26,-32.5833,151.7833,89.35,23,3,2.95
454,Abalak,RU,2021-10-27 02:55:26,58.1286,68.5944,26.29,88,82,5.68
455,Ahuimanu,US,2021-10-27 02:55:26,21.4447,-157.8378,85.14,68,40,7.81
456,Karasjok,NO,2021-10-27 02:55:27,69.4719,25.5112,32.11,88,100,13.73
457,Hasaki,JP,2021-10-27 02:55:27,35.7333,140.8333,63.28,70,100,9.53
458,Codrington,AU,2021-10-27 02:55:28,-38.2667,141.9667,75.85,44,63,18.01
459,Irtyshskiy,RU,2021-10-27 02:55:28,58.3333,68.1333,26.65,87,66,6.2
460,Ankara,TR,2021-10-27 02:54:31,39.9199,32.8543,41.2,72,0,3.65
461,Hay River,CA,2021-10-27 02:55:28,60.8156,-115.7999,39.18,87,40,5.75
462,Fort Nelson,CA,2021-10-27 02:55:29,58.8053,-122.7002,31.59,100,90,0.0
463,Norrtalje,SE,2021-10-27 02:55:29,59.758,18.705,43.43,95,13,8.41
464,Elat,IL,2021-10-27 02:55:29,29.5581,34.9482,69.64,78,0,6.91
465,Axim,GH,2021-10-27 02:55:29,4.8699,-2.2405,77.36,88,98,4.23
466,Zavodoukovsk,RU,2021-10-27 02:55:30,56.5042,66.5515,30.02,85,96,8.7
467,Alamosa,US,2021-10-27 02:55:30,37.4695,-105.87,40.51,44,74,16.26
468,Khasan,RU,2021-10-27 02:55:31,42.4308,130.6434,57.76,40,0,20.0
469,Rio Gallegos,AR,2021-10-27 02:55:31,-51.6226,-69.2181,42.85,61,0,9.22
470,Sambava,MG,2021-10-27 02:55:31,-14.2667,50.1667,70.75,81,0,8.32
471,Ballina,AU,2021-10-27 02:55:32,-28.8667,153.5667,80.78,74,40,14.97
472,Auki,SB,2021-10-27 02:55:32,-8.7676,160.7034,86.74,66,61,5.86
473,Orangeburg,US,2021-10-27 02:55:32,33.4918,-80.8557,61.09,84,0,1.01
474,Hambantota,LK,2021-10-27 02:55:33,6.1241,81.1185,75.54,100,20,3.44
475,Phulpur,IN,2021-10-27 02:55:33,25.55,82.1,75.2,51,0,0.43
476,Dapaong,TG,2021-10-27 02:55:33,10.8639,0.205,77.5,60,64,5.12
477,Yerbogachen,RU,2021-10-27 02:55:34,61.2767,108.0108,28.9,86,100,14.61
478,Inta,RU,2021-10-27 02:55:34,66.0317,60.1659,14.67,95,94,10.31
479,Srednekolymsk,RU,2021-10-27 02:55:35,67.45,153.6833,1.49,93,35,3.49
480,Port Macquarie,AU,2021-10-27 02:55:35,-31.4333,152.9167,78.76,58,4,16.2
481,Chunhuhub,MX,2021-10-27 02:55:35,19.55,-88.6833,75.94,94,99,3.18
482,Ixtapa,MX,2021-10-27 02:55:36,20.7,-105.2,78.22,90,100,1.99
483,Show Low,US,2021-10-27 02:55:36,34.2542,-110.0298,43.72,44,1,5.75
484,Moron,AR,2021-10-27 02:55:36,-34.6534,-58.6198,78.03,59,0,3.4
485,Coruripe,BR,2021-10-27 02:52:36,-10.1256,-36.1756,75.31,81,1,8.79
486,Seybaplaya,MX,2021-10-27 02:55:37,19.65,-90.6667,82.27,78,99,8.12
487,Sukhumi,GE,2021-10-27 02:55:37,43.0033,41.0153,47.68,50,0,4.79
488,Touros,BR,2021-10-27 02:55:38,-5.1989,-35.4608,76.1,74,13,14.18
489,Senanga,ZM,2021-10-27 02:55:38,-16.1167,23.2667,69.33,78,75,3.78
490,Santa Maria,BR,2021-10-27 02:55:38,-29.6842,-53.8069,61.9,88,0,1.14
491,Fairview,US,2021-10-27 02:55:39,40.8126,-73.999,58.23,90,90,9.22
492,Jumla,NP,2021-10-27 02:55:39,29.2747,82.1838,53.49,51,1,1.66
493,Dryden,CA,2021-10-27 02:55:39,49.7833,-92.7503,39.49,75,90,8.05
494,Aktas,KZ,2021-10-27 02:55:40,49.7789,72.9608,26.35,64,100,11.88
495,Dalbandin,PK,2021-10-27 02:55:40,28.8947,64.4101,62.19,17,0,5.79
496,Skalat,UA,2021-10-27 02:55:40,49.4273,25.9787,36.45,67,70,5.41
497,Morgan City,US,2021-10-27 02:55:41,29.6994,-91.2068,73.04,90,61,5.61
498,Bakal,RU,2021-10-27 02:55:41,54.9417,58.8083,27.05,72,100,8.12
499,Behat,IN,2021-10-27 02:55:41,30.1667,77.6167,67.98,58,0,2.71
500,Inhambane,MZ,2021-10-27 02:55:42,-23.865,35.3833,71.04,84,11,9.93
501,Biggar,GB,2021-10-27 02:55:42,55.6167,-3.5167,56.12,95,100,18.66
502,Aracaju,BR,2021-10-27 02:55:42,-10.9111,-37.0717,78.75,78,75,10.36
503,Xining,CN,2021-10-27 02:55:43,36.6167,101.7667,37.94,66,38,1.63
504,Riorges,FR,2021-10-27 02:55:43,46.0418,4.0497,42.73,93,29,1.05
505,Ostersund,SE,2021-10-27 02:55:43,63.1792,14.6357,37.85,81,100,13.8
506,Biskamzha,RU,2021-10-27 02:55:44,53.4497,89.5272,35.51,80,90,10.33
507,Rockport,US,2021-10-27 02:55:44,28.0206,-97.0544,82.65,85,1,5.01
508,Pimentel,PE,2021-10-27 02:55:45,-6.8367,-79.9342,63.32,87,48,12.75
509,Pangnirtung,CA,2021-10-27 02:55:45,66.1451,-65.7125,26.11,89,91,6.93
510,Rio Brilhante,BR,2021-10-27 02:55:45,-21.8019,-54.5464,72.16,77,100,4.27
511,Tutoia,BR,2021-10-27 02:55:46,-2.7619,-42.2744,80.15,82,26,15.19
512,Mongu,ZM,2021-10-27 02:55:46,-15.2484,23.1274,69.76,75,90,4.76
513,Champerico,GT,2021-10-27 02:55:46,14.3,-91.9167,84.04,83,27,3.71
514,Hirado,JP,2021-10-27 02:51:31,33.3597,129.5531,69.15,42,5,6.35
515,Onega,RU,2021-10-27 02:55:47,63.9061,38.1404,41.14,98,100,11.59
516,Silver City,US,2021-10-27 02:55:47,32.7701,-108.2803,48.16,44,1,18.01
517,Honningsvag,NO,2021-10-27 02:55:48,70.9821,25.9704,36.1,55,76,25.23
518,Maryville,US,2021-10-27 02:54:54,35.7565,-83.9705,48.67,89,0,3.0
519,Jiangyou,CN,2021-10-27 02:55:48,31.7667,104.7167,60.1,69,100,2.77
520,Soc Trang,VN,2021-10-27 02:55:49,9.6033,105.98,82.36,82,100,5.44
521,Yingkou,CN,2021-10-27 02:55:49,40.6648,122.2283,54.5,35,0,5.61
522,Masingbi,SL,2021-10-27 02:55:49,8.7833,-11.95,71.65,94,95,1.34
523,Phan Thiet,VN,2021-10-27 02:55:50,10.9333,108.1,77.9,85,100,7.14
524,Siwana,IN,2021-10-27 02:55:50,25.6333,72.4167,76.32,32,0,5.86
525,Yumen,CN,2021-10-27 02:55:51,40.2833,97.2,45.21,48,0,1.32
526,Nishihara,JP,2021-10-27 02:55:51,26.1842,127.7558,78.85,52,20,11.5
527,Tommot,RU,2021-10-27 02:55:51,58.9564,126.2925,34.14,94,100,10.58
528,Kasama,ZM,2021-10-27 02:55:52,-10.2129,31.1808,65.48,68,3,4.88
529,Dolgoderevenskoye,RU,2021-10-27 02:55:52,55.3444,61.3444,35.94,51,40,15.66
530,Kafanchan,NG,2021-10-27 02:55:53,9.5833,8.3,69.24,91,83,1.23
531,Astana,KZ,2021-10-27 02:55:53,51.1801,71.446,15.75,92,86,2.24
532,Samarai,PG,2021-10-27 02:55:53,-10.6167,150.6667,83.3,76,45,11.88
533,Beipiao,CN,2021-10-27 02:55:53,41.7919,120.7792,60.01,24,0,11.25
534,Xuanhua,CN,2021-10-27 02:55:54,40.6103,115.0447,52.61,30,0,4.7
535,Carballo,ES,2021-10-27 02:55:54,43.213,-8.691,53.02,79,25,3.49
536,Flinders,AU,2021-10-27 02:55:54,-34.5833,150.8552,79.81,68,4,4.0
537,Zhigansk,RU,2021-10-27 02:55:55,66.7697,123.3711,12.65,91,79,8.48
538,Marrakesh,MA,2021-10-27 02:55:55,31.6315,-8.0083,57.27,82,0,3.44
539,Tecoanapa,MX,2021-10-27 02:55:56,16.5167,-98.75,79.61,87,91,5.35
540,Hirara,JP,2021-10-27 02:55:56,24.8,125.2833,80.87,54,20,11.5
541,Borazjan,IR,2021-10-27 02:55:56,29.2666,51.2159,63.73,19,0,1.86
542,Shush,IR,2021-10-27 02:55:57,32.1942,48.2436,67.19,19,0,3.18
543,Innisfail,AU,2021-10-27 02:55:57,-17.5333,146.0333,95.88,55,6,8.72
544,Kui Buri,TH,2021-10-27 02:55:57,12.0828,99.8543,84.2,71,78,10.54
545,Mafinga,TZ,2021-10-27 02:55:58,-7.25,35.0667,68.86,68,28,3.29
546,Placido De Castro,BR,2021-10-27 02:55:58,-10.3353,-67.1856,70.07,94,71,2.53
547,Bariri,BR,2021-10-27 02:51:07,-22.0744,-48.7403,71.94,82,78,9.51
548,Carutapera,BR,2021-10-27 02:56:00,-1.195,-46.02,79.43,80,97,9.6
549,Vardo,NO,2021-10-27 02:56:00,70.3705,31.1107,30.4,57,100,23.6
550,Srikakulam,IN,2021-10-27 02:56:00,18.3,83.9,78.4,72,1,6.82
551,Sturgis,US,2021-10-27 02:56:01,41.7992,-85.4192,41.97,57,1,0.0
552,Kyren,RU,2021-10-27 02:56:01,51.6828,102.1408,47.88,51,23,3.24
553,Amapa,BR,2021-10-27 02:56:02,1.0,-52.0,72.36,93,100,2.93
554,Rawson,AR,2021-10-27 02:56:02,-43.3002,-65.1023,66.25,40,7,19.73
555,Roma,US,2021-10-27 02:56:03,43.2128,-75.4557,53.96,94,100,1.99
556,Altay,CN,2021-10-27 02:56:03,47.8667,88.1167,44.1,41,2,1.86
557,Lata,PT,2021-10-27 02:56:03,40.1629,-8.3327,58.82,67,61,4.0
558,Wukari,NG,2021-10-27 02:56:04,7.85,9.7833,73.26,90,100,7.25
559,Lodja,CD,2021-10-27 02:56:04,-3.4833,23.4333,68.92,99,98,1.28
560,Broome,US,2021-10-27 02:53:10,42.2506,-75.833,55.02,81,90,1.01
561,Tambo,PE,2021-10-27 02:56:05,-14.8,-73.9167,36.59,45,3,1.52
562,Gobabis,NA,2021-10-27 02:55:14,-22.45,18.9667,74.23,14,100,7.05
563,Maniitsoq,GL,2021-10-27 02:56:05,65.4167,-52.9,31.62,48,65,5.23
564,Puro,PH,2021-10-27 02:56:06,12.4841,123.3827,84.2,74,100,11.79
565,Mawlaik,MM,2021-10-27 02:56:06,23.6333,94.4167,71.51,98,99,0.69
566,Sines,PT,2021-10-27 02:56:06,37.9562,-8.8698,61.29,64,0,6.08
567,Nacala,MZ,2021-10-27 02:56:07,-14.5428,40.6728,72.59,91,0,5.1
568,Torrevieja,ES,2021-10-27 02:56:08,37.9787,-0.6822,63.36,83,81,3.0
569,Marinette,US,2021-10-27 02:56:08,45.1,-87.6307,43.29,75,27,5.99
